cidade,situacao,latitude,longitude,altitude,cdg_estacao,sg_estado
BRASILIA,Operante,-15.789444440000000000000000000000,-47.925833320000000000000000000000,-47.925833320000000000000000000000,A001,DF
GOIANIA,Operante,-16.642777770000000000000000000000,-49.220277770000000000000000000000,-49.220277770000000000000000000000,A002,GO
MORRINHOS,Operante,-17.745066000000000000000000000000,-49.101698000000000000000000000000,-49.101698000000000000000000000000,A003,GO
PORANGATU,Operante,-13.309444440000000000000000000000,-49.117499990000000000000000000000,-49.117499990000000000000000000000,A005,GO
PALMAS,Operante,-10.147777770000000000000000000000,-48.314444440000000000000000000000,-48.314444440000000000000000000000,A009,TO
PARANA,Operante,-12.615000000000000000000000000000,-47.871944430000000000000000000000,-47.871944430000000000000000000000,A010,TO
SAO SIMAO,Operante,-18.969142000000000000000000000000,-50.633449000000000000000000000000,-50.633449000000000000000000000000,A011,GO
LUZIANIA,Operante,-16.260555550000000000000000000000,-47.966944430000000000000000000000,-47.966944430000000000000000000000,A012,GO
ARAGARCAS,Operante,-15.902777770000000000000000000000,-52.245277770000000000000000000000,-52.245277770000000000000000000000,A013,GO
GOIAS,Pane,-15.939722210000000000000000000000,-50.141388880000000000000000000000,-50.141388880000000000000000000000,A014,GO
ITAPACI,Pane,-14.979722210000000000000000000000,-49.539444440000000000000000000000,-49.539444440000000000000000000000,A015,GO
JATAI,Operante,-17.923611100000000000000000000000,-51.717499990000000000000000000000,-51.717499990000000000000000000000,A016,GO
POSSE,Operante,-14.089166660000000000000000000000,-46.366388880000000000000000000000,-46.366388880000000000000000000000,A017,GO
PEIXE,Operante,-12.015277770000000000000000000000,-48.544444440000000000000000000000,-48.544444440000000000000000000000,A018,TO
GURUPI,Operante,-11.744999990000000000000000000000,-49.051666660000000000000000000000,-49.051666660000000000000000000000,A019,TO
PEDRO AFONSO,Operante,-8.968611100000000000000000000000,-48.177222210000000000000000000000,-48.177222210000000000000000000000,A020,TO
ARAGUAINA,Operante,-7.103888880000000000000000000000,-48.201111110000000000000000000000,-48.201111110000000000000000000000,A021,TO
GOIANESIA,Operante,-15.220277770000000000000000000000,-48.989999990000000000000000000000,-48.989999990000000000000000000000,A022,GO
CAIAPONIA,Operante,-16.966944430000000000000000000000,-51.817499990000000000000000000000,-51.817499990000000000000000000000,A023,GO
ALTO PARAISO DE GOIAS,Operante,-14.133055540000000000000000000000,-47.523333320000000000000000000000,-47.523333320000000000000000000000,A024,GO
RIO VERDE,Operante,-17.785277770000000000000000000000,-50.965000000000000000000000000000,-50.965000000000000000000000000000,A025,GO
MINEIROS,Operante,-17.454722220000000000000000000000,-52.601111110000000000000000000000,-52.601111110000000000000000000000,A026,GO
PARAUNA,Operante,-16.962500000000000000000000000000,-50.425555540000000000000000000000,-50.425555540000000000000000000000,A027,GO
IPORA,Operante,-16.423055540000000000000000000000,-51.148888880000000000000000000000,-51.148888880000000000000000000000,A028,GO
EDEIA,Operante,-17.336944440000000000000000000000,-49.914722220000000000000000000000,-49.914722220000000000000000000000,A029,GO
SAO MIGUEL DO ARAGUAIA,Pane,-12.820555540000000000000000000000,-50.335833330000000000000000000000,-50.335833330000000000000000000000,A031,GO
MONTE ALEGRE DE GOIAS,Operante,-13.253611110000000000000000000000,-46.890277770000000000000000000000,-46.890277770000000000000000000000,A032,GO
PIRES DO RIO,Operante,-17.304166660000000000000000000000,-48.284166660000000000000000000000,-48.284166660000000000000000000000,A033,GO
CATALAO,Operante,-18.154779000000000000000000000000,-47.927614000000000000000000000000,-47.927614000000000000000000000000,A034,GO
ITUMBIARA,Operante,-18.409722220000000000000000000000,-49.191944440000000000000000000000,-49.191944440000000000000000000000,A035,GO
CRISTALINA,Operante,-16.784999990000000000000000000000,-47.613055550000000000000000000000,-47.613055550000000000000000000000,A036,GO
SILVANIA,Operante,-16.679722210000000000000000000000,-48.618055540000000000000000000000,-48.618055540000000000000000000000,A037,GO
DIANOPOLIS,Operante,-11.594444440000000000000000000000,-46.847222210000000000000000000000,-46.847222210000000000000000000000,A038,TO
FORMOSO DO ARAGUAIA,Operante,-11.887499990000000000000000000000,-49.608333330000000000000000000000,-49.608333330000000000000000000000,A039,TO
MATEIROS,Operante,-10.434444440000000000000000000000,-45.921944430000000000000000000000,-45.921944430000000000000000000000,A040,TO
MARIANOPOLIS DO TO,Operante,-9.576388880000000000000000000000,-49.723333320000000000000000000000,-49.723333320000000000000000000000,A041,TO
BRAZLANDIA,Operante,-15.599722210000000000000000000000,-48.131111100000000000000000000000,-48.131111100000000000000000000000,A042,DF
CAMPOS LINDOS,Pane,-8.154722220000000000000000000000,-46.639444440000000000000000000000,-46.639444440000000000000000000000,A043,TO
ARAGUATINS,Operante,-5.643611100000000000000000000000,-48.111944440000000000000000000000,-48.111944440000000000000000000000,A044,TO
AGUAS EMENDADAS,Operante,-15.596491000000000000000000000000,-47.625801000000000000000000000000,-47.625801000000000000000000000000,A045,DF
GAMA (PONTE ALTA),Operante,-15.935277770000000000000000000000,-48.137499990000000000000000000000,-48.137499990000000000000000000000,A046,DF
PARANOA (COOPA-DF),Operante,-16.012222000000000000000000000000,-47.557417000000000000000000000000,-47.557417000000000000000000000000,A047,DF
SANTA FE DO ARAGUAIA,Operante,-7.124191000000000000000000000000,-48.781267000000000000000000000000,-48.781267000000000000000000000000,A048,TO
COLINAS DO TOCANTINS,Operante,-8.092708000000000000000000000000,-48.478605000000000000000000000000,-48.478605000000000000000000000000,A049,TO
RIO SONO,Operante,-9.793363000000000000000000000000,-47.132732000000000000000000000000,-47.132732000000000000000000000000,A050,TO
PIUM,Operante,-10.476944430000000000000000000000,-49.629444430000000000000000000000,-49.629444430000000000000000000000,A051,TO
SANTA ROSA DO TOCANTINS,Operante,-11.428888880000000000000000000000,-48.184999990000000000000000000000,-48.184999990000000000000000000000,A052,TO
ALMAS,Operante,-11.284166660000000000000000000000,-47.212222220000000000000000000000,-47.212222220000000000000000000000,A053,TO
ARAGUACU,Pane,-12.592222210000000000000000000000,-49.528611100000000000000000000000,-49.528611100000000000000000000000,A054,TO
LAGOA DA CONFUSAO,Operante,-10.828286000000000000000000000000,-49.847882000000000000000000000000,-49.847882000000000000000000000000,A055,TO
CRISTALINA (FAZENDA SANTA MONICA),Operante,-16.399444440000000000000000000000,-47.625833320000000000000000000000,-47.625833320000000000000000000000,A056,GO
MANAUS,Operante,-3.103333330000000000000000000000,-60.016388880000000000000000000000,-60.016388880000000000000000000000,A101,AM
PARQUE ESTADUAL CHANDLESS,Pane,-9.358333330000000000000000000000,-69.926388880000000000000000000000,-69.926388880000000000000000000000,A102,AC
RIO BRANCO,Operante,-9.679722210000000000000000000000,-68.165277770000000000000000000000,-68.165277770000000000000000000000,A104,AC
CRUZEIRO DO SUL,Operante,-7.610555550000000000000000000000,-72.681111100000000000000000000000,-72.681111100000000000000000000000,A108,AC
EIRUNEPE,Pane,-6.650277770000000000000000000000,-69.868611100000000000000000000000,-69.868611100000000000000000000000,A109,AM
BOCA DO ACRE,Operante,-8.776666660000000000000000000000,-67.332499990000000000000000000000,-67.332499990000000000000000000000,A110,AM
LABREA,Operante,-7.260555550000000000000000000000,-64.788611100000000000000000000000,-64.788611100000000000000000000000,A111,AM
HUMAITA,Operante,-7.552500000000000000000000000000,-63.071388880000000000000000000000,-63.071388880000000000000000000000,A112,AM
APUI,Pane,-7.205555550000000000000000000000,-59.888611100000000000000000000000,-59.888611100000000000000000000000,A113,AM
COARI,Operante,-4.097499990000000000000000000000,-63.145277770000000000000000000000,-63.145277770000000000000000000000,A117,AM
MANACAPURU,Operante,-3.294722210000000000000000000000,-60.628333320000000000000000000000,-60.628333320000000000000000000000,A119,AM
AUTAZES,Operante,-3.583333330000000000000000000000,-59.129444430000000000000000000000,-59.129444430000000000000000000000,A120,AM
ITACOATIARA,Operante,-3.133333330000000000000000000000,-58.482777770000000000000000000000,-58.482777770000000000000000000000,A121,AM
MAUES,Operante,-3.398888880000000000000000000000,-57.673888880000000000000000000000,-57.673888880000000000000000000000,A122,AM
PARINTINS,Operante,-2.639166660000000000000000000000,-56.756111110000000000000000000000,-56.756111110000000000000000000000,A123,AM
URUCARA,Operante,-2.534722210000000000000000000000,-57.758055550000000000000000000000,-57.758055550000000000000000000000,A124,AM
RIO URUBU,Operante,-2.633611100000000000000000000000,-59.600555550000000000000000000000,-59.600555550000000000000000000000,A125,AM
PRESIDENTE FIGUEIREDO,Pane,-2.056666660000000000000000000000,-60.025833320000000000000000000000,-60.025833320000000000000000000000,A126,AM
BARCELOS,Operante,-0.987222210000000000000000000000,-62.924166660000000000000000000000,-62.924166660000000000000000000000,A128,AM
MANICORE,Operante,-5.788611100000000000000000000000,-61.288333330000000000000000000000,-61.288333330000000000000000000000,A133,AM
S. G. DA CACHOEIRA,Operante,-0.125207000000000000000000000000,-67.061246000000000000000000000000,-67.061246000000000000000000000000,A134,AM
BOA VISTA,Operante,2.816944430000000000000000000000,-60.690833330000000000000000000000,-60.690833330000000000000000000000,A135,RR
PORTO WALTER,Pane,-8.267222210000000000000000000000,-72.747777770000000000000000000000,-72.747777770000000000000000000000,A136,AC
MARECHAL THAUMATURGO,Pane,-8.950000000000000000000000000000,-72.786666660000000000000000000000,-72.786666660000000000000000000000,A137,AC
FEIJO,Operante,-8.142777770000000000000000000000,-70.343611100000000000000000000000,-70.343611100000000000000000000000,A138,AC
EPITACIOLANDIA,Operante,-11.023888880000000000000000000000,-68.735277770000000000000000000000,-68.735277770000000000000000000000,A140,AC
NOVO ARIPUANA,Operante,-8.091111100000000000000000000000,-60.380555540000000000000000000000,-60.380555540000000000000000000000,A144,AM
BELEM,Operante,-1.411228000000000000000000000000,-48.439512000000000000000000000000,-48.439512000000000000000000000000,A201,PA
CASTANHAL,Operante,-1.300833330000000000000000000000,-47.948055550000000000000000000000,-47.948055550000000000000000000000,A202,PA
SAO LUIS,Operante,-2.526666660000000000000000000000,-44.213611110000000000000000000000,-44.213611110000000000000000000000,A203,MA
BALSAS,Operante,-7.455555550000000000000000000000,-46.027499990000000000000000000000,-46.027499990000000000000000000000,A204,MA
CAROLINA,Pane,-7.337222210000000000000000000000,-47.459722220000000000000000000000,-47.459722220000000000000000000000,A205,MA
CHAPADINHA,Operante,-3.742777770000000000000000000000,-43.352222220000000000000000000000,-43.352222220000000000000000000000,A206,MA
GRAJAU,Operante,-5.816111110000000000000000000000,-46.162222220000000000000000000000,-46.162222220000000000000000000000,A207,MA
MEDICILANDIA,Operante,-3.510833330000000000000000000000,-52.963333330000000000000000000000,-52.963333330000000000000000000000,A209,PA
PACAJA,Pane,-3.843611100000000000000000000000,-50.638055550000000000000000000000,-50.638055550000000000000000000000,A210,PA
PLACAS,Operante,-3.864166660000000000000000000000,-54.216388880000000000000000000000,-54.216388880000000000000000000000,A211,PA
PARAGOMINAS,Operante,-2.900555550000000000000000000000,-47.494999990000000000000000000000,-47.494999990000000000000000000000,A212,PA
TOME ACU,Operante,-2.592499990000000000000000000000,-48.360555550000000000000000000000,-48.360555550000000000000000000000,A213,PA
RONDON DO PARA,Operante,-4.827499990000000000000000000000,-48.173611100000000000000000000000,-48.173611100000000000000000000000,A214,PA
SALINOPOLIS,Operante,-0.618888880000000000000000000000,-47.356666660000000000000000000000,-47.356666660000000000000000000000,A215,PA
SAO FELIX DO XINGU,Pane,-6.639722210000000000000000000000,-51.956944440000000000000000000000,-51.956944440000000000000000000000,A216,PA
FAROL de SANTANA,Pane,-2.270833320000000000000000000000,-43.624166660000000000000000000000,-43.624166660000000000000000000000,A217,MA
PREGUICAS,Operante,-2.592222210000000000000000000000,-42.707500000000000000000000000000,-42.707500000000000000000000000000,A218,MA
TURIACU,Operante,-1.661111110000000000000000000000,-45.372499990000000000000000000000,-45.372499990000000000000000000000,A219,MA
BACABAL,Operante,-4.243055550000000000000000000000,-44.794999990000000000000000000000,-44.794999990000000000000000000000,A220,MA
BARRA DO CORDA,Pane,-5.506666660000000000000000000000,-45.236944440000000000000000000000,-45.236944440000000000000000000000,A221,MA
COLINAS,Operante,-6.033055540000000000000000000000,-44.233333330000000000000000000000,-44.233333330000000000000000000000,A222,MA
ALTO PARNAIBA,Operante,-9.108333330000000000000000000000,-45.931944430000000000000000000000,-45.931944430000000000000000000000,A223,MA
ESTREITO,Operante,-6.653333330000000000000000000000,-47.418333320000000000000000000000,-47.418333320000000000000000000000,A224,MA
IMPERATRIZ,Operante,-5.555833330000000000000000000000,-47.459722220000000000000000000000,-47.459722220000000000000000000000,A225,MA
BRAGANCA,Operante,-1.055833330000000000000000000000,-46.782777770000000000000000000000,-46.782777770000000000000000000000,A226,PA
SOURE,Pane,-0.727777770000000000000000000000,-48.515833330000000000000000000000,-48.515833330000000000000000000000,A227,PA
BREVES,Pane,-1.680277770000000000000000000000,-50.478055540000000000000000000000,-50.478055540000000000000000000000,A228,PA
TUCURUI,Operante,-3.822777770000000000000000000000,-49.674999990000000000000000000000,-49.674999990000000000000000000000,A229,PA
SERRA DOS CARAJAS,Pane,-6.077499990000000000000000000000,-50.142222210000000000000000000000,-50.142222210000000000000000000000,A230,PA
ITAITUBA,Operante,-4.276944430000000000000000000000,-55.993055550000000000000000000000,-55.993055550000000000000000000000,A231,PA
OBIDOS,Operante,-1.880833320000000000000000000000,-55.519722210000000000000000000000,-55.519722210000000000000000000000,A232,PA
SANTANA DO ARAGUAIA,Operante,-9.340555550000000000000000000000,-50.350277770000000000000000000000,-50.350277770000000000000000000000,A233,PA
TUCUMA,Pane,-6.743333330000000000000000000000,-51.141944440000000000000000000000,-51.141944440000000000000000000000,A234,PA
NOVO REPARTIMENTO,Pane,-4.243888880000000000000000000000,-49.939444440000000000000000000000,-49.939444440000000000000000000000,A235,PA
CAMETA,Pane,-2.239722210000000000000000000000,-49.499722210000000000000000000000,-49.499722210000000000000000000000,A236,PA
CAXIAS,Operante,-4.821388880000000000000000000000,-43.343611100000000000000000000000,-43.343611100000000000000000000000,A237,MA
BURITICUPU,Operante,-4.320555540000000000000000000000,-46.449444440000000000000000000000,-46.449444440000000000000000000000,A238,MA
MONTE ALEGRE,Operante,-2.000000000000000000000000000000,-54.076388880000000000000000000000,-54.076388880000000000000000000000,A239,PA
MARABA,Pane,-5.366388880000000000000000000000,-49.051111110000000000000000000000,-49.051111110000000000000000000000,A240,PA
CONCEICAO DO ARAGUAIA,Operante,-8.303611110000000000000000000000,-49.282777770000000000000000000000,-49.282777770000000000000000000000,A241,PA
OIAPOQUE,Operante,3.813611110000000000000000000000,-51.862500000000000000000000000000,-51.862500000000000000000000000000,A242,AP
PORTO GRANDE,Operante,0.694166660000000000000000000000,-51.403888880000000000000000000000,-51.403888880000000000000000000000,A244,AP
PORTO DE MOZ,Operante,-1.821944430000000000000000000000,-52.111666660000000000000000000000,-52.111666660000000000000000000000,A245,PA
MINA DO PALITO,Pane,-6.319999990000000000000000000000,-55.787777770000000000000000000000,-55.787777770000000000000000000000,A246,PA
XINGUARA,Operante,-7.110555550000000000000000000000,-49.926111100000000000000000000000,-49.926111100000000000000000000000,A247,PA
CAPITAO POCO,Operante,-1.734722210000000000000000000000,-47.057500000000000000000000000000,-47.057500000000000000000000000000,A248,PA
MACAPA,Operante,0.034999990000000000000000000000,-51.088888880000000000000000000000,-51.088888880000000000000000000000,A249,AP
SANTAREM,Operante,-2.502500000000000000000000000000,-54.720277770000000000000000000000,-54.720277770000000000000000000000,A250,PA
ITAUBAL,Operante,0.567777770000000000000000000000,-50.823611100000000000000000000000,-50.823611100000000000000000000000,A251,AP
DOM ELISEU,Operante,-4.280555540000000000000000000000,-47.563888880000000000000000000000,-47.563888880000000000000000000000,A252,PA
ALTAMIRA,Operante,-3.269999990000000000000000000000,-52.394722210000000000000000000000,-52.394722210000000000000000000000,A253,PA
REDENCAO,Operante,-8.043333330000000000000000000000,-50.006944440000000000000000000000,-50.006944440000000000000000000000,A254,PA
ZE DOCA,Operante,-3.269166660000000000000000000000,-45.651111110000000000000000000000,-45.651111110000000000000000000000,A255,MA
SANTA MARIA DAS BARREIRAS,Operante,-8.729722210000000000000000000000,-49.856388880000000000000000000000,-49.856388880000000000000000000000,A256,PA
RECIFE,Pane,-8.059166660000000000000000000000,-34.959166660000000000000000000000,-34.959166660000000000000000000000,A301,PE
MACEIO,Operante,-9.551111110000000000000000000000,-35.770277770000000000000000000000,-35.770277770000000000000000000000,A303,AL
NATAL,Pane,-5.837222210000000000000000000000,-35.208055550000000000000000000000,-35.208055550000000000000000000000,A304,RN
FORTALEZA,Operante,-3.815833330000000000000000000000,-38.537777770000000000000000000000,-38.537777770000000000000000000000,A305,CE
SOBRAL,Operante,-3.748055550000000000000000000000,-40.345833330000000000000000000000,-40.345833330000000000000000000000,A306,CE
PETROLINA,Pane,-9.388333330000000000000000000000,-40.523333320000000000000000000000,-40.523333320000000000000000000000,A307,PE
PARNAIBA,Operante,-3.086666660000000000000000000000,-41.783055540000000000000000000000,-41.783055540000000000000000000000,A308,PI
ARCO VERDE,Operante,-8.433611100000000000000000000000,-37.055555550000000000000000000000,-37.055555550000000000000000000000,A309,PE
AREIA,Operante,-6.975451000000000000000000000000,-35.718128000000000000000000000000,-35.718128000000000000000000000000,A310,PB
FLORIANO,Operante,-6.761388880000000000000000000000,-43.003333330000000000000000000000,-43.003333330000000000000000000000,A311,PI
TERESINA,Operante,-5.034722210000000000000000000000,-42.801388880000000000000000000000,-42.801388880000000000000000000000,A312,PI
CAMPINA GRANDE,Pane,-7.225555540000000000000000000000,-35.904722220000000000000000000000,-35.904722220000000000000000000000,A313,PB
GUARAMIRANGA,Pane,-4.229166660000000000000000000000,-38.958888880000000000000000000000,-38.958888880000000000000000000000,A314,CE
BARBALHA,Operante,-7.300833330000000000000000000000,-39.271111100000000000000000000000,-39.271111100000000000000000000000,A315,CE
CAICO,Operante,-6.467499990000000000000000000000,-37.084999990000000000000000000000,-37.084999990000000000000000000000,A316,RN
MACAU,Operante,-5.151111110000000000000000000000,-36.573055540000000000000000000000,-36.573055540000000000000000000000,A317,RN
MOSSORO,Operante,-4.904166660000000000000000000000,-37.366944430000000000000000000000,-37.366944430000000000000000000000,A318,RN
IGUATU,Operante,-6.396388880000000000000000000000,-39.268888880000000000000000000000,-39.268888880000000000000000000000,A319,CE
JOAO PESSOA,Operante,-7.165277770000000000000000000000,-34.815555550000000000000000000000,-34.815555550000000000000000000000,A320,PB
PATOS,Pane,-7.079722210000000000000000000000,-37.272777770000000000000000000000,-37.272777770000000000000000000000,A321,PB
GARANHUNS,Operante,-8.910833330000000000000000000000,-36.493333330000000000000000000000,-36.493333330000000000000000000000,A322,PE
PAO DE ACUCAR,Operante,-9.749166660000000000000000000000,-37.430833320000000000000000000000,-37.430833320000000000000000000000,A323,AL
TAUA,Pane,-6.017499990000000000000000000000,-40.281388880000000000000000000000,-40.281388880000000000000000000000,A324,CE
QUIXERAMOBIM,Operante,-5.174444430000000000000000000000,-39.289444440000000000000000000000,-39.289444440000000000000000000000,A325,CE
BOM JESUS DO PIAUI,Operante,-9.079999990000000000000000000000,-44.327777770000000000000000000000,-44.327777770000000000000000000000,A326,PI
PALMEIRA DOS INDIOS,Operante,-9.420277770000000000000000000000,-36.620277770000000000000000000000,-36.620277770000000000000000000000,A327,AL
SURUBIM,Operante,-7.839722210000000000000000000000,-35.801111110000000000000000000000,-35.801111110000000000000000000000,A328,PE
CABROBO,Operante,-8.503888880000000000000000000000,-39.315277770000000000000000000000,-39.315277770000000000000000000000,A329,PE
PAULISTANA,Operante,-8.132288000000000000000000000000,-41.142945000000000000000000000000,-41.142945000000000000000000000000,A330,PI
SAO JOAO DO PIAUI,Operante,-8.364444440000000000000000000000,-42.252500000000000000000000000000,-42.252500000000000000000000000000,A331,PI
MORADA NOVA,Operante,-5.091111100000000000000000000000,-38.364722220000000000000000000000,-38.364722220000000000000000000000,A332,CE
SAO GONCALO,Operante,-6.835777000000000000000000000000,-38.311583000000000000000000000000,-38.311583000000000000000000000000,A333,PB
MONTEIRO,Operante,-7.894444440000000000000000000000,-37.124722210000000000000000000000,-37.124722210000000000000000000000,A334,PB
PIRIPIRI,Operante,-4.276111100000000000000000000000,-41.794444440000000000000000000000,-41.794444440000000000000000000000,A335,PI
ALVORADA DO GURGUEIA,Operante,-8.376388880000000000000000000000,-43.859444440000000000000000000000,-43.859444440000000000000000000000,A336,PI
CARACOL,Pane,-9.285833330000000000000000000000,-43.324444430000000000000000000000,-43.324444430000000000000000000000,A337,PI
JAGUARUANA,Operante,-4.837777770000000000000000000000,-37.699722210000000000000000000000,-37.699722210000000000000000000000,A339,CE
APODI,Operante,-5.626666660000000000000000000000,-37.815000000000000000000000000000,-37.815000000000000000000000000000,A340,RN
CARUARU,Operante,-8.365277770000000000000000000000,-36.028333320000000000000000000000,-36.028333320000000000000000000000,A341,PE
CRATEUS,Operante,-5.186666660000000000000000000000,-40.672222210000000000000000000000,-40.672222210000000000000000000000,A342,CE
PICOS,Operante,-7.071111100000000000000000000000,-41.404166660000000000000000000000,-41.404166660000000000000000000000,A343,PI
CALCANHAR,Pane,-5.160000000000000000000000000000,-35.487499990000000000000000000000,-35.487499990000000000000000000000,A344,RN
SAO RAIMUNDO NONATO,Operante,-9.033055540000000000000000000000,-42.701111110000000000000000000000,-42.701111110000000000000000000000,A345,PI
URUCUI,Operante,-7.441388880000000000000000000000,-44.344999990000000000000000000000,-44.344999990000000000000000000000,A346,PI
CAMPOS SALES,Operante,-7.077777770000000000000000000000,-40.362777770000000000000000000000,-40.362777770000000000000000000000,A347,CE
CABACEIRAS,Operante,-7.483333330000000000000000000000,-36.286388880000000000000000000000,-36.286388880000000000000000000000,A348,PB
IBIMIRIM,Operante,-8.509444440000000000000000000000,-37.711666660000000000000000000000,-37.711666660000000000000000000000,A349,PE
SERRA TALHADA,Operante,-7.954166660000000000000000000000,-38.294999990000000000000000000000,-38.294999990000000000000000000000,A350,PE
FLORESTA,Operante,-8.598888880000000000000000000000,-38.584166660000000000000000000000,-38.584166660000000000000000000000,A351,PE
CAMARATUBA,Operante,-6.561944440000000000000000000000,-35.135277770000000000000000000000,-35.135277770000000000000000000000,A352,PB
ARAPIRACA,Operante,-9.804444440000000000000000000000,-36.619166660000000000000000000000,-36.619166660000000000000000000000,A353,AL
OEIRAS,Operante,-6.974166660000000000000000000000,-42.146944440000000000000000000000,-42.146944440000000000000000000000,A354,PI
CORURIPE,Operante,-10.128611100000000000000000000000,-36.286388880000000000000000000000,-36.286388880000000000000000000000,A355,AL
SAO LUIS DO QUITUNDE,Operante,-9.287499990000000000000000000000,-35.565833330000000000000000000000,-35.565833330000000000000000000000,A356,AL
PALMARES,Operante,-8.666666660000000000000000000000,-35.568055540000000000000000000000,-35.568055540000000000000000000000,A357,PE
JAGUARIBE,Operante,-5.905555550000000000000000000000,-38.627777770000000000000000000000,-38.627777770000000000000000000000,A358,CE
ITAPIPOCA,Operante,-3.484166660000000000000000000000,-39.588611100000000000000000000000,-39.588611100000000000000000000000,A359,CE
ACARAU,Operante,-3.121111100000000000000000000000,-40.087222210000000000000000000000,-40.087222210000000000000000000000,A360,CE
CASTELO DO PIAUI,Operante,-5.349166660000000000000000000000,-41.512222220000000000000000000000,-41.512222220000000000000000000000,A361,PI
VALENCA DO PIAUI,Operante,-6.423611100000000000000000000000,-41.748888880000000000000000000000,-41.748888880000000000000000000000,A363,PI
GILBUES,Operante,-9.875277770000000000000000000000,-45.345833330000000000000000000000,-45.345833330000000000000000000000,A364,PI
CANTO DO BURITI,Operante,-8.118055540000000000000000000000,-42.975833320000000000000000000000,-42.975833320000000000000000000000,A365,PI
OURICURI,Operante,-7.885833330000000000000000000000,-40.102777770000000000000000000000,-40.102777770000000000000000000000,A366,PE
SANTA CRUZ,Operante,-6.228055540000000000000000000000,-36.026666660000000000000000000000,-36.026666660000000000000000000000,A367,RN
TIANGUA,Operante,-3.732222210000000000000000000000,-41.011944440000000000000000000000,-41.011944440000000000000000000000,A368,CE
QUIXADA,Operante,-4.978888880000000000000000000000,-39.057222220000000000000000000000,-39.057222220000000000000000000000,A369,CE
SALGUEIRO,Operante,-8.058055550000000000000000000000,-39.096111100000000000000000000000,-39.096111100000000000000000000000,A370,PE
PIRANHAS,Operante,-9.622222210000000000000000000000,-37.767222210000000000000000000000,-37.767222210000000000000000000000,A371,AL
IPANGUACU,Operante,-5.534999990000000000000000000000,-36.872222210000000000000000000000,-36.872222210000000000000000000000,A372,RN
ITAPORANGA,Operante,-7.318333320000000000000000000000,-38.140833330000000000000000000000,-38.140833330000000000000000000000,A373,PB
CORRENTE,Operante,-10.429166660000000000000000000000,-45.173055540000000000000000000000,-45.173055540000000000000000000000,A374,PI
BAIXA GRANDE DO RIBEIRO,Operante,-8.333531000000000000000000000000,-45.094625000000000000000000000000,-45.094625000000000000000000000000,A375,PI
CAMPO MAIOR,Operante,-4.864166660000000000000000000000,-42.145555550000000000000000000000,-42.145555550000000000000000000000,A376,PI
ANGICAL DO PIAUI,Pane,-6.089444440000000000000000000000,-42.727499990000000000000000000000,-42.727499990000000000000000000000,A377,PI
SALVADOR,Operante,-13.005515000000000000000000000000,-38.505760000000000000000000000000,-38.505760000000000000000000000000,A401,BA
BARREIRAS,Operante,-12.124722210000000000000000000000,-45.026944430000000000000000000000,-45.026944430000000000000000000000,A402,BA
LUIZ EDUARDO MAGALHAES,Operante,-12.152500000000000000000000000000,-45.829722210000000000000000000000,-45.829722210000000000000000000000,A404,BA
CARAVELAS,Operante,-17.739444440000000000000000000000,-39.258611110000000000000000000000,-39.258611110000000000000000000000,A405,BA
CRUZ DAS ALMAS,Pane,-12.675555540000000000000000000000,-39.089444440000000000000000000000,-39.089444440000000000000000000000,A406,BA
ITIRUCU,Pane,-13.527777770000000000000000000000,-40.119722210000000000000000000000,-40.119722210000000000000000000000,A407,BA
ITABERABA,Operante,-12.524166660000000000000000000000,-40.299722210000000000000000000000,-40.299722210000000000000000000000,A408,BA
ARACAJU,Operante,-10.952500000000000000000000000000,-37.054444440000000000000000000000,-37.054444440000000000000000000000,A409,SE
ILHEUS,Operante,-14.658888880000000000000000000000,-39.181388880000000000000000000000,-39.181388880000000000000000000000,A410,BA
MACAJUBA,Operante,-12.131666660000000000000000000000,-40.354166660000000000000000000000,-40.354166660000000000000000000000,A412,BA
FEIRA DE SANTANA,Operante,-12.196111100000000000000000000000,-38.967499990000000000000000000000,-38.967499990000000000000000000000,A413,BA
VITORIA DA CONQUISTA,Operante,-14.886388880000000000000000000000,-40.801388880000000000000000000000,-40.801388880000000000000000000000,A414,BA
SANTA RITA DE CASSIA,Operante,-11.003333330000000000000000000000,-44.536388880000000000000000000000,-44.536388880000000000000000000000,A415,BA
CORRENTINA,Operante,-13.332499990000000000000000000000,-44.617499990000000000000000000000,-44.617499990000000000000000000000,A416,BA
ITABAIANINHA,Operante,-11.272499990000000000000000000000,-37.794999990000000000000000000000,-37.794999990000000000000000000000,A417,SE
BOM JESUS DA LAPA,Operante,-13.251111110000000000000000000000,-43.405277770000000000000000000000,-43.405277770000000000000000000000,A418,BA
POCO VERDE,Pane,-10.738055550000000000000000000000,-38.108333330000000000000000000000,-38.108333330000000000000000000000,A419,SE
BREJO GRANDE,Operante,-10.473888880000000000000000000000,-36.481944430000000000000000000000,-36.481944430000000000000000000000,A421,SE
ABROLHOS,Pane,-17.963055550000000000000000000000,-38.703333330000000000000000000000,-38.703333330000000000000000000000,A422,BA
REMANSO,Operante,-9.625555540000000000000000000000,-42.077222210000000000000000000000,-42.077222210000000000000000000000,A423,BA
IRECE,Operante,-11.328998000000000000000000000000,-41.864504000000000000000000000000,-41.864504000000000000000000000000,A424,BA
LENCOIS,Operante,-12.557777770000000000000000000000,-41.388888880000000000000000000000,-41.388888880000000000000000000000,A425,BA
GUANAMBI,Pane,-14.208055550000000000000000000000,-42.749722210000000000000000000000,-42.749722210000000000000000000000,A426,BA
PORTO SEGURO,Pane,-16.388888880000000000000000000000,-39.182499990000000000000000000000,-39.182499990000000000000000000000,A427,BA
SENHOR DO BONFIM,Operante,-10.443055550000000000000000000000,-40.148333330000000000000000000000,-40.148333330000000000000000000000,A428,BA
BARRA,Pane,-11.084722210000000000000000000000,-43.138888880000000000000000000000,-43.138888880000000000000000000000,A429,BA
PIATA,Operante,-13.155681000000000000000000000000,-41.774125000000000000000000000000,-41.774125000000000000000000000000,A430,BA
CONDE,Operante,-12.035833330000000000000000000000,-37.683888880000000000000000000000,-37.683888880000000000000000000000,A431,BA
BURITIRAMA,Operante,-10.723055540000000000000000000000,-43.651111110000000000000000000000,-43.651111110000000000000000000000,A432,BA
BRUMADO,Operante,-14.181944430000000000000000000000,-41.672222210000000000000000000000,-41.672222210000000000000000000000,A433,BA
AMARGOSA,Operante,-13.009444440000000000000000000000,-39.616944430000000000000000000000,-39.616944430000000000000000000000,A434,BA
QUEIMADAS,Pane,-10.984722210000000000000000000000,-39.616944430000000000000000000000,-39.616944430000000000000000000000,A436,BA
UNA,Operante,-15.280277770000000000000000000000,-39.091388880000000000000000000000,-39.091388880000000000000000000000,A437,BA
MARAU,Pane,-13.906944440000000000000000000000,-38.972222210000000000000000000000,-38.972222210000000000000000000000,A438,BA
IBOTIRAMA,Pane,-12.193055550000000000000000000000,-43.213333330000000000000000000000,-43.213333330000000000000000000000,A439,BA
JACOBINA,Operante,-11.205000000000000000000000000000,-40.465000000000000000000000000000,-40.465000000000000000000000000000,A440,BA
SERRINHA,Operante,-11.664722220000000000000000000000,-39.023055540000000000000000000000,-39.023055540000000000000000000000,A441,BA
EUCLIDES DA CUNHA,Operante,-10.537222210000000000000000000000,-38.996666660000000000000000000000,-38.996666660000000000000000000000,A442,BA
DELFINO,Operante,-10.455000000000000000000000000000,-41.206944440000000000000000000000,-41.206944440000000000000000000000,A443,BA
VALENCA,Operante,-13.343611100000000000000000000000,-39.126666660000000000000000000000,-39.126666660000000000000000000000,A444,BA
IPIAU,Operante,-14.171388880000000000000000000000,-39.692499990000000000000000000000,-39.692499990000000000000000000000,A445,BA
ITAPETINGA,Operante,-15.244722210000000000000000000000,-40.229444430000000000000000000000,-40.229444430000000000000000000000,A446,BA
BELMONTE,Operante,-16.088055550000000000000000000000,-39.215277770000000000000000000000,-39.215277770000000000000000000000,A447,BA
CURACA,Operante,-9.001388880000000000000000000000,-39.912500000000000000000000000000,-39.912500000000000000000000000000,A448,BA
JEREMOABO,Operante,-10.080833320000000000000000000000,-38.345833330000000000000000000000,-38.345833330000000000000000000000,A450,BA
ITABAIANA,Pane,-10.671666660000000000000000000000,-37.471388880000000000000000000000,-37.471388880000000000000000000000,A451,SE
FORMOSA DO RIO PRETO,Pane,-11.052222220000000000000000000000,-45.200833330000000000000000000000,-45.200833330000000000000000000000,A452,BA
NOSSA SENHORA DA GLORIA,Operante,-10.207777770000000000000000000000,-37.431944430000000000000000000000,-37.431944430000000000000000000000,A453,SE
ITAMARAJU,Operante,-17.006944440000000000000000000000,-39.558055550000000000000000000000,-39.558055550000000000000000000000,A455,BA
SALVADOR (RADIO FAROL),Operante,-12.808333330000000000000000000000,-38.495833330000000000000000000000,-38.495833330000000000000000000000,A456,BA
RIBEIRA DO AMPARO,Operante,-11.058611110000000000000000000000,-38.444166660000000000000000000000,-38.444166660000000000000000000000,A458,BA
BARBACENA,Operante,-21.228333320000000000000000000000,-43.767777770000000000000000000000,-43.767777770000000000000000000000,A502,MG
ARAXA,Operante,-19.605833330000000000000000000000,-46.949722210000000000000000000000,-46.949722210000000000000000000000,A505,MG
MONTES CLAROS,Operante,-16.686388880000000000000000000000,-43.843888880000000000000000000000,-43.843888880000000000000000000000,A506,MG
UBERLANDIA,Operante,-18.916944430000000000000000000000,-48.255555550000000000000000000000,-48.255555550000000000000000000000,A507,MG
ALMENARA,Operante,-16.166666660000000000000000000000,-40.687777770000000000000000000000,-40.687777770000000000000000000000,A508,MG
MONTE VERDE,Operante,-22.861666660000000000000000000000,-46.043333330000000000000000000000,-46.043333330000000000000000000000,A509,MG
VICOSA,Operante,-20.762607000000000000000000000000,-42.864013000000000000000000000000,-42.864013000000000000000000000000,A510,MG
TIMOTEO,Operante,-19.573888880000000000000000000000,-42.622499990000000000000000000000,-42.622499990000000000000000000000,A511,MG
ITUIUTABA,Operante,-18.952777770000000000000000000000,-49.524999990000000000000000000000,-49.524999990000000000000000000000,A512,MG
OURO BRANCO,Pane,-20.556666660000000000000000000000,-43.756111110000000000000000000000,-43.756111110000000000000000000000,A513,MG
SAO JOAO DEL REI,Operante,-21.106388880000000000000000000000,-44.250833330000000000000000000000,-44.250833330000000000000000000000,A514,MG
VARGINHA,Operante,-21.566388880000000000000000000000,-45.404166660000000000000000000000,-45.404166660000000000000000000000,A515,MG
PASSOS,Operante,-20.745237000000000000000000000000,-46.633916000000000000000000000000,-46.633916000000000000000000000000,A516,MG
MURIAE,Operante,-21.105000000000000000000000000000,-42.375833320000000000000000000000,-42.375833320000000000000000000000,A517,MG
JUIZ DE FORA,Operante,-21.769965000000000000000000000000,-43.364329000000000000000000000000,-43.364329000000000000000000000000,A518,MG
CAMPINA VERDE,Operante,-19.539210000000000000000000000000,-49.518133000000000000000000000000,-49.518133000000000000000000000000,A519,MG
CONCEICAO DAS ALAGOAS,Operante,-19.985860000000000000000000000000,-48.151574000000000000000000000000,-48.151574000000000000000000000000,A520,MG
BELO HORIZONTE (PAMPULHA),Operante,-19.883888880000000000000000000000,-43.969444430000000000000000000000,-43.969444430000000000000000000000,A521,MG
SERRA DOS AIMORES,Operante,-17.798888880000000000000000000000,-40.250000000000000000000000000000,-40.250000000000000000000000000000,A522,MG
PATROCINIO,Operante,-18.996684000000000000000000000000,-46.985935000000000000000000000000,-46.985935000000000000000000000000,A523,MG
FORMIGA,Operante,-20.455000000000000000000000000000,-45.453888880000000000000000000000,-45.453888880000000000000000000000,A524,MG
SACRAMENTO,Operante,-19.875277770000000000000000000000,-47.434166660000000000000000000000,-47.434166660000000000000000000000,A525,MG
MONTALVANIA,Operante,-14.408333330000000000000000000000,-44.404166660000000000000000000000,-44.404166660000000000000000000000,A526,MG
TEOFILO OTONI,Operante,-17.892840000000000000000000000000,-41.515423000000000000000000000000,-41.515423000000000000000000000000,A527,MG
TRES MARIAS,Operante,-18.200855000000000000000000000000,-45.459836000000000000000000000000,-45.459836000000000000000000000000,A528,MG
PASSA QUATRO,Operante,-22.395833330000000000000000000000,-44.961944440000000000000000000000,-44.961944440000000000000000000000,A529,MG
CALDAS,Operante,-21.918066000000000000000000000000,-46.382996000000000000000000000000,-46.382996000000000000000000000000,A530,MG
MARIA DA FE,Operante,-22.314444440000000000000000000000,-45.373055540000000000000000000000,-45.373055540000000000000000000000,A531,MG
GOVERNADOR VALADARES,Operante,-18.830354000000000000000000000000,-41.977007000000000000000000000000,-41.977007000000000000000000000000,A532,MG
GUANHAES,Operante,-18.786944440000000000000000000000,-42.943055550000000000000000000000,-42.943055550000000000000000000000,A533,MG
AIMORES,Operante,-19.532777770000000000000000000000,-41.090833330000000000000000000000,-41.090833330000000000000000000000,A534,MG
FLORESTAL,Operante,-19.885277770000000000000000000000,-44.416944430000000000000000000000,-44.416944430000000000000000000000,A535,MG
DORES DO INDAIA,Operante,-19.481944430000000000000000000000,-45.593888880000000000000000000000,-45.593888880000000000000000000000,A536,MG
DIAMANTINA,Operante,-18.231052000000000000000000000000,-43.648269000000000000000000000000,-43.648269000000000000000000000000,A537,MG
CURVELO,Operante,-18.747711000000000000000000000000,-44.453785000000000000000000000000,-44.453785000000000000000000000000,A538,MG
MOCAMBINHO,Operante,-15.085833330000000000000000000000,-44.016111110000000000000000000000,-44.016111110000000000000000000000,A539,MG
MANTENA,Operante,-18.780620000000000000000000000000,-40.986505000000000000000000000000,-40.986505000000000000000000000000,A540,MG
CAPELINHA,Operante,-17.705555550000000000000000000000,-42.389166660000000000000000000000,-42.389166660000000000000000000000,A541,MG
UNAI,Operante,-16.554166660000000000000000000000,-46.881944430000000000000000000000,-46.881944430000000000000000000000,A542,MG
ESPINOSA,Operante,-14.912222220000000000000000000000,-42.808611110000000000000000000000,-42.808611110000000000000000000000,A543,MG
BURITIS,Operante,-15.524166660000000000000000000000,-46.435555550000000000000000000000,-46.435555550000000000000000000000,A544,MG
PIRAPORA,Operante,-17.258064000000000000000000000000,-44.835556000000000000000000000000,-44.835556000000000000000000000000,A545,MG
GUARDA-MOR,Operante,-17.561388880000000000000000000000,-47.199166660000000000000000000000,-47.199166660000000000000000000000,A546,MG
SAO ROMAO,Operante,-16.362777770000000000000000000000,-45.123888880000000000000000000000,-45.123888880000000000000000000000,A547,MG
CHAPADA GAUCHA,Operante,-15.300277770000000000000000000000,-45.617499990000000000000000000000,-45.617499990000000000000000000000,A548,MG
AGUAS VERMELHAS,Operante,-15.751666660000000000000000000000,-41.457777770000000000000000000000,-41.457777770000000000000000000000,A549,MG
ITAOBIM,Operante,-16.575555540000000000000000000000,-41.485555550000000000000000000000,-41.485555550000000000000000000000,A550,MG
RIO PARDO DE MINAS,Operante,-15.723055540000000000000000000000,-42.435833330000000000000000000000,-42.435833330000000000000000000000,A551,MG
SALINAS,Operante,-16.160277770000000000000000000000,-42.310277770000000000000000000000,-42.310277770000000000000000000000,A552,MG
JOAO PINHEIRO,Operante,-17.784444440000000000000000000000,-46.119444430000000000000000000000,-46.119444430000000000000000000000,A553,MG
CARATINGA,Operante,-19.735833330000000000000000000000,-42.137222210000000000000000000000,-42.137222210000000000000000000000,A554,MG
IBIRITE (ROLA MOCA),Operante,-20.031388880000000000000000000000,-44.011111110000000000000000000000,-44.011111110000000000000000000000,A555,MG
MANHUACU,Operante,-20.263333330000000000000000000000,-42.182777770000000000000000000000,-42.182777770000000000000000000000,A556,MG
CORONEL PACHECO,Operante,-21.546666660000000000000000000000,-43.261111110000000000000000000000,-43.261111110000000000000000000000,A557,MG
JANUARIA,Operante,-15.448055550000000000000000000000,-44.366388880000000000000000000000,-44.366388880000000000000000000000,A559,MG
POMPEU,Operante,-19.232499990000000000000000000000,-44.964166660000000000000000000000,-44.964166660000000000000000000000,A560,MG
SAO SEBASTIAO DO PARAISO,Operante,-20.910000000000000000000000000000,-47.114166660000000000000000000000,-47.114166660000000000000000000000,A561,MG
PATOS DE MINAS,Operante,-18.520555540000000000000000000000,-46.440555550000000000000000000000,-46.440555550000000000000000000000,A562,MG
NOVA PORTEIRINHA (JANAUBA),Operante,-15.802777770000000000000000000000,-43.296944440000000000000000000000,-43.296944440000000000000000000000,A563,MG
DIVINOPOLIS,Operante,-20.173333320000000000000000000000,-44.874999990000000000000000000000,-44.874999990000000000000000000000,A564,MG
BAMBUI,Operante,-20.031111100000000000000000000000,-46.008888880000000000000000000000,-46.008888880000000000000000000000,A565,MG
ARACUAI,Operante,-16.848888880000000000000000000000,-42.035277770000000000000000000000,-42.035277770000000000000000000000,A566,MG
MACHADO,Operante,-21.680722000000000000000000000000,-45.944389000000000000000000000000,-45.944389000000000000000000000000,A567,MG
UBERABA,Operante,-19.710000000000000000000000000000,-47.961944440000000000000000000000,-47.961944440000000000000000000000,A568,MG
SETE LAGOAS,Operante,-19.455277770000000000000000000000,-44.173333320000000000000000000000,-44.173333320000000000000000000000,A569,MG
OLIVEIRA,Operante,-20.715000000000000000000000000000,-44.864444440000000000000000000000,-44.864444440000000000000000000000,A570,MG
PARACATU,Operante,-17.244444440000000000000000000000,-46.881666660000000000000000000000,-46.881666660000000000000000000000,A571,MG
SEROPEDICA-ECOLOGIA AGRICOLA,Operante,-22.757777770000000000000000000000,-43.684722210000000000000000000000,-43.684722210000000000000000000000,A601,RJ
RIO DE JANEIRO-MARAMBAIA,Operante,-23.050277770000000000000000000000,-43.595555550000000000000000000000,-43.595555550000000000000000000000,A602,RJ
DUQUE DE CAXIAS - XEREM,Operante,-22.589722210000000000000000000000,-43.282222210000000000000000000000,-43.282222210000000000000000000000,A603,RJ
CAMBUCI,Operante,-21.587499990000000000000000000000,-41.958333330000000000000000000000,-41.958333330000000000000000000000,A604,RJ
ARRAIAL DO CABO,Operante,-22.975277770000000000000000000000,-42.021388880000000000000000000000,-42.021388880000000000000000000000,A606,RJ
CAMPOS DOS GOYTACAZES,Pane,-21.714722220000000000000000000000,-41.343888880000000000000000000000,-41.343888880000000000000000000000,A607,RJ
MACAE,Operante,-22.376111100000000000000000000000,-41.811944440000000000000000000000,-41.811944440000000000000000000000,A608,RJ
RESENDE,Operante,-22.451388880000000000000000000000,-44.444999990000000000000000000000,-44.444999990000000000000000000000,A609,RJ
PICO DO COUTO,Operante,-22.464722220000000000000000000000,-43.291388880000000000000000000000,-43.291388880000000000000000000000,A610,RJ
VALENCA,Operante,-22.358055550000000000000000000000,-43.695555550000000000000000000000,-43.695555550000000000000000000000,A611,RJ
VITORIA,Operante,-20.270833320000000000000000000000,-40.305833330000000000000000000000,-40.305833330000000000000000000000,A612,ES
SANTA TERESA,Pane,-19.988333330000000000000000000000,-40.579444430000000000000000000000,-40.579444430000000000000000000000,A613,ES
LINHARES,Operante,-19.356944440000000000000000000000,-40.068611100000000000000000000000,-40.068611100000000000000000000000,A614,ES
ALFREDO CHAVES,Pane,-20.636388880000000000000000000000,-40.741944440000000000000000000000,-40.741944440000000000000000000000,A615,ES
SAO MATEUS,Operante,-18.676111100000000000000000000000,-39.864166660000000000000000000000,-39.864166660000000000000000000000,A616,ES
ALEGRE,Operante,-20.750555550000000000000000000000,-41.488888880000000000000000000000,-41.488888880000000000000000000000,A617,ES
TERESOPOLIS-PARQUE NACIONAL,Operante,-22.448611100000000000000000000000,-42.986944440000000000000000000000,-42.986944440000000000000000000000,A618,RJ
PARATY,Operante,-23.223611100000000000000000000000,-44.726944430000000000000000000000,-44.726944430000000000000000000000,A619,RJ
CAMPOS DOS GOYTACAZES - SAO TOME,Operante,-22.041666660000000000000000000000,-41.051666660000000000000000000000,-41.051666660000000000000000000000,A620,RJ
RIO DE JANEIRO - VILA MILITAR,Operante,-22.861388880000000000000000000000,-43.411388880000000000000000000000,-43.411388880000000000000000000000,A621,RJ
PRESIDENTE KENNEDY,Operante,-21.100833330000000000000000000000,-41.039444440000000000000000000000,-41.039444440000000000000000000000,A622,ES
NOVA FRIBURGO - SALINAS,Operante,-22.334722210000000000000000000000,-42.676944430000000000000000000000,-42.676944430000000000000000000000,A624,RJ
TRES RIOS,Operante,-22.098333330000000000000000000000,-43.208333330000000000000000000000,-43.208333330000000000000000000000,A625,RJ
RIO CLARO,Operante,-22.653579000000000000000000000000,-44.040916000000000000000000000000,-44.040916000000000000000000000000,A626,RJ
NITEROI,Operante,-22.867499990000000000000000000000,-43.101944440000000000000000000000,-43.101944440000000000000000000000,A627,RJ
ANGRA DOS REIS,Operante,-22.975555540000000000000000000000,-44.303333330000000000000000000000,-44.303333330000000000000000000000,A628,RJ
CARMO,Operante,-21.938611100000000000000000000000,-42.600833330000000000000000000000,-42.600833330000000000000000000000,A629,RJ
SANTA MARIA MADALENA,Operante,-21.950555550000000000000000000000,-42.010277770000000000000000000000,-42.010277770000000000000000000000,A630,RJ
ECOPORANGA,Operante,-18.291388880000000000000000000000,-40.736388880000000000000000000000,-40.736388880000000000000000000000,A631,ES
MARILANDIA,Operante,-19.407222220000000000000000000000,-40.539722210000000000000000000000,-40.539722210000000000000000000000,A632,ES
VENDA NOVA DO IMIGRANTE,Operante,-20.385555550000000000000000000000,-41.189999990000000000000000000000,-41.189999990000000000000000000000,A633,ES
VILA VELHA,Operante,-20.466944430000000000000000000000,-40.403888880000000000000000000000,-40.403888880000000000000000000000,A634,ES
RIO DE JANEIRO - JACAREPAGUA,Operante,-22.939999990000000000000000000000,-43.402777770000000000000000000000,-43.402777770000000000000000000000,A636,RJ
Paty do Alferes - Avelar,Operante,-22.347222210000000000000000000000,-43.417777770000000000000000000000,-43.417777770000000000000000000000,A637,RJ
RIO DE JANEIRO - FORTE DE COPACABANA,Operante,-22.988333330000000000000000000000,-43.190555550000000000000000000000,-43.190555550000000000000000000000,A652,RJ
AFONSO CLAUDIO,Pane,-20.104166660000000000000000000000,-41.106944440000000000000000000000,-41.106944440000000000000000000000,A657,ES
SILVA JARDIM,Operante,-22.645833330000000000000000000000,-42.415555550000000000000000000000,-42.415555550000000000000000000000,A659,RJ
SAQUAREMA - SAMPAIO CORREIA,Operante,-22.871111100000000000000000000000,-42.608888880000000000000000000000,-42.608888880000000000000000000000,A667,RJ
SAO PAULO - MIRANTE,Operante,-23.496388880000000000000000000000,-46.619999990000000000000000000000,-46.619999990000000000000000000000,A701,SP
CAMPO GRANDE,Operante,-20.447195000000000000000000000000,-54.722615000000000000000000000000,-54.722615000000000000000000000000,A702,MS
PONTA PORA,Operante,-22.552500000000000000000000000000,-55.716388880000000000000000000000,-55.716388880000000000000000000000,A703,MS
TRES LAGOAS,Operante,-20.794999990000000000000000000000,-51.713333330000000000000000000000,-51.713333330000000000000000000000,A704,MS
BAURU,Operante,-22.358052000000000000000000000000,-49.028877000000000000000000000000,-49.028877000000000000000000000000,A705,SP
CAMPOS DO JORDAO,Operante,-22.750277770000000000000000000000,-45.603888880000000000000000000000,-45.603888880000000000000000000000,A706,SP
PRESIDENTE PRUDENTE,Operante,-22.119999990000000000000000000000,-51.408611110000000000000000000000,-51.408611110000000000000000000000,A707,SP
FRANCA,Operante,-20.584444440000000000000000000000,-47.382499990000000000000000000000,-47.382499990000000000000000000000,A708,SP
IVINHEMA,Operante,-22.300555550000000000000000000000,-53.822777770000000000000000000000,-53.822777770000000000000000000000,A709,MS
PARANAIBA,Operante,-19.695555550000000000000000000000,-51.181666660000000000000000000000,-51.181666660000000000000000000000,A710,MS
SAO CARLOS,Operante,-21.980353000000000000000000000000,-47.883927000000000000000000000000,-47.883927000000000000000000000000,A711,SP
IGUAPE,Operante,-24.671666660000000000000000000000,-47.545833330000000000000000000000,-47.545833330000000000000000000000,A712,SP
SOROCABA,Operante,-23.426111100000000000000000000000,-47.585555550000000000000000000000,-47.585555550000000000000000000000,A713,SP
ITAPEVA,Operante,-23.981944430000000000000000000000,-48.885833330000000000000000000000,-48.885833330000000000000000000000,A714,SP
SAO MIGUEL ARCANJO,Operante,-23.890833330000000000000000000000,-47.999166660000000000000000000000,-47.999166660000000000000000000000,A715,SP
OURINHOS,Operante,-23.000555550000000000000000000000,-49.843333330000000000000000000000,-49.843333330000000000000000000000,A716,SP
NHUMIRIM,Operante,-18.988611100000000000000000000000,-56.622777770000000000000000000000,-56.622777770000000000000000000000,A717,MS
RANCHARIA,Operante,-22.372777770000000000000000000000,-50.974722210000000000000000000000,-50.974722210000000000000000000000,A718,SP
AQUIDAUANA,Operante,-20.475555540000000000000000000000,-55.783888880000000000000000000000,-55.783888880000000000000000000000,A719,MS
COXIM,Operante,-18.512222220000000000000000000000,-54.736111100000000000000000000000,-54.736111100000000000000000000000,A720,MS
DOURADOS,Operante,-22.193888880000000000000000000000,-54.911388880000000000000000000000,-54.911388880000000000000000000000,A721,MS
MIRANDA,Operante,-20.395555550000000000000000000000,-56.431666660000000000000000000000,-56.431666660000000000000000000000,A722,MS
PORTO MURTINHO,Pane,-21.705833330000000000000000000000,-57.886666660000000000000000000000,-57.886666660000000000000000000000,A723,MS
CORUMBA,Operante,-18.996666660000000000000000000000,-57.637499990000000000000000000000,-57.637499990000000000000000000000,A724,MS
AVARE,Operante,-23.101666660000000000000000000000,-48.941111100000000000000000000000,-48.941111100000000000000000000000,A725,SP
PIRACICABA,Operante,-22.703055550000000000000000000000,-47.623333320000000000000000000000,-47.623333320000000000000000000000,A726,SP
LINS,Operante,-21.666111110000000000000000000000,-49.734722210000000000000000000000,-49.734722210000000000000000000000,A727,SP
TAUBATE,Operante,-23.041666660000000000000000000000,-45.520833320000000000000000000000,-45.520833320000000000000000000000,A728,SP
CHAPADAO DO SUL,Operante,-18.802222220000000000000000000000,-52.602500000000000000000000000000,-52.602500000000000000000000000000,A730,MS
MARACAJU,Operante,-21.609166660000000000000000000000,-55.177499990000000000000000000000,-55.177499990000000000000000000000,A731,MS
SAO GABRIEL DO OESTE,Operante,-19.420277770000000000000000000000,-54.553055550000000000000000000000,-54.553055550000000000000000000000,A732,MS
JALES,Operante,-20.165000000000000000000000000000,-50.594999990000000000000000000000,-50.594999990000000000000000000000,A733,SP
VALPARAISO,Operante,-21.319166660000000000000000000000,-50.930277770000000000000000000000,-50.930277770000000000000000000000,A734,SP
JOSE BONIFACIO,Operante,-21.085555550000000000000000000000,-49.920277770000000000000000000000,-49.920277770000000000000000000000,A735,SP
ARIRANHA,Operante,-21.133055540000000000000000000000,-48.840555550000000000000000000000,-48.840555550000000000000000000000,A736,SP
IBITINGA,Operante,-21.855555550000000000000000000000,-48.799722210000000000000000000000,-48.799722210000000000000000000000,A737,SP
CASA BRANCA,Operante,-21.780555540000000000000000000000,-47.075277770000000000000000000000,-47.075277770000000000000000000000,A738,SP
ITAPIRA,Operante,-22.415000000000000000000000000000,-46.805277770000000000000000000000,-46.805277770000000000000000000000,A739,SP
SAO LUIZ DO PARAITINGA,Pane,-23.228333320000000000000000000000,-45.416944430000000000000000000000,-45.416944430000000000000000000000,A740,SP
BARRA BONITA,Operante,-22.471111100000000000000000000000,-48.557500000000000000000000000000,-48.557500000000000000000000000000,A741,SP
CASSILANDIA,Operante,-19.122499990000000000000000000000,-51.720833320000000000000000000000,-51.720833320000000000000000000000,A742,MS
RIO BRILHANTE,Operante,-21.774999990000000000000000000000,-54.528055540000000000000000000000,-54.528055540000000000000000000000,A743,MS
BRAGANCA PAULISTA,Operante,-22.949166660000000000000000000000,-46.526111100000000000000000000000,-46.526111100000000000000000000000,A744,SP
BARRA DO TURVO,Operante,-24.962777770000000000000000000000,-48.416388880000000000000000000000,-48.416388880000000000000000000000,A746,SP
PRADOPOLIS,Operante,-21.338333330000000000000000000000,-48.113888880000000000000000000000,-48.113888880000000000000000000000,A747,SP
BARRETOS,Operante,-20.559166660000000000000000000000,-48.544999990000000000000000000000,-48.544999990000000000000000000000,A748,SP
JUTI,Operante,-22.857222220000000000000000000000,-54.605555550000000000000000000000,-54.605555550000000000000000000000,A749,MS
AMAMBAI,Operante,-23.002500000000000000000000000000,-55.329444430000000000000000000000,-55.329444430000000000000000000000,A750,MS
SETE QUEDAS,Operante,-23.966944430000000000000000000000,-55.024166660000000000000000000000,-55.024166660000000000000000000000,A751,MS
ITAQUIRAI,Operante,-23.449444440000000000000000000000,-54.181944430000000000000000000000,-54.181944430000000000000000000000,A752,MS
ITUVERAVA,Operante,-20.359722220000000000000000000000,-47.775277770000000000000000000000,-47.775277770000000000000000000000,A753,SP
SIDROLANDIA,Operante,-20.981666660000000000000000000000,-54.971944430000000000000000000000,-54.971944430000000000000000000000,A754,MS
BARUERI,Operante,-23.523888880000000000000000000000,-46.869444430000000000000000000000,-46.869444430000000000000000000000,A755,SP
AGUA CLARA,Operante,-20.444444440000000000000000000000,-52.875833320000000000000000000000,-52.875833320000000000000000000000,A756,MS
JARDIM,Operante,-21.478611100000000000000000000000,-56.137777770000000000000000000000,-56.137777770000000000000000000000,A758,MS
BATAGUASSU,Operante,-21.750000000000000000000000000000,-52.471388880000000000000000000000,-52.471388880000000000000000000000,A759,MS
COSTA RICA,Operante,-18.492777770000000000000000000000,-53.171388880000000000000000000000,-53.171388880000000000000000000000,A760,MS
SONORA,Operante,-17.635277770000000000000000000000,-54.760555550000000000000000000000,-54.760555550000000000000000000000,A761,MS
DRACENA,Operante,-21.457777770000000000000000000000,-51.552222220000000000000000000000,-51.552222220000000000000000000000,A762,SP
MARILIA,Operante,-22.235222000000000000000000000000,-49.965111000000000000000000000000,-49.965111000000000000000000000000,A763,SP
BEBEDOURO,Operante,-20.948055550000000000000000000000,-48.471388880000000000000000000000,-48.471388880000000000000000000000,A764,SP
BERTIOGA,Operante,-23.844722210000000000000000000000,-46.143333330000000000000000000000,-46.143333330000000000000000000000,A765,SP
REGISTRO,Operante,-24.533055540000000000000000000000,-47.864166660000000000000000000000,-47.864166660000000000000000000000,A766,SP
TUPA,Operante,-21.927251000000000000000000000000,-50.490251000000000000000000000000,-50.490251000000000000000000000000,A768,SP
CACHOEIRA PAULISTA,Operante,-22.688888880000000000000000000000,-45.005555550000000000000000000000,-45.005555550000000000000000000000,A769,SP
SAO SIMAO,Operante,-21.461111110000000000000000000000,-47.579444430000000000000000000000,-47.579444430000000000000000000000,A770,SP
SAO PAULO - INTERLAGOS,Operante,-23.724501000000000000000000000000,-46.677501000000000000000000000000,-46.677501000000000000000000000000,A771,SP
PORTO ALEGRE - JARDIM BOTANICO,Operante,-30.053611110000000000000000000000,-51.174722210000000000000000000000,-51.174722210000000000000000000000,A801,RS
RIO GRANDE,Operante,-32.078888880000000000000000000000,-52.167777770000000000000000000000,-52.167777770000000000000000000000,A802,RS
SANTA MARIA,Operante,-29.724999990000000000000000000000,-53.720555540000000000000000000000,-53.720555540000000000000000000000,A803,RS
SANTANA DO LIVRAMENTO,Operante,-30.750555550000000000000000000000,-55.401388880000000000000000000000,-55.401388880000000000000000000000,A804,RS
SANTO AUGUSTO,Operante,-27.854444440000000000000000000000,-53.791111100000000000000000000000,-53.791111100000000000000000000000,A805,RS
FLORIANOPOLIS,Operante,-27.602500000000000000000000000000,-48.619999990000000000000000000000,-48.619999990000000000000000000000,A806,SC
CURITIBA,Operante,-25.448611100000000000000000000000,-49.230555540000000000000000000000,-49.230555540000000000000000000000,A807,PR
TORRES,Operante,-29.350277770000000000000000000000,-49.733333330000000000000000000000,-49.733333330000000000000000000000,A808,RS
URUGUAIANA,Operante,-29.839999990000000000000000000000,-57.081944430000000000000000000000,-57.081944430000000000000000000000,A809,RS
SANTA ROSA,Pane,-27.890555550000000000000000000000,-54.479999990000000000000000000000,-54.479999990000000000000000000000,A810,RS
CANGUCU,Operante,-31.403333330000000000000000000000,-52.700833330000000000000000000000,-52.700833330000000000000000000000,A811,RS
CACAPAVA DO SUL,Operante,-30.545277770000000000000000000000,-53.466944430000000000000000000000,-53.466944430000000000000000000000,A812,RS
RIO PARDO,Operante,-29.872222210000000000000000000000,-52.381944430000000000000000000000,-52.381944430000000000000000000000,A813,RS
URUSSANGA,Operante,-28.532499990000000000000000000000,-49.315277770000000000000000000000,-49.315277770000000000000000000000,A814,SC
SAO JOAQUIM,Operante,-28.275555540000000000000000000000,-49.934722210000000000000000000000,-49.934722210000000000000000000000,A815,SC
NOVO HORIZONTE,Operante,-26.406388880000000000000000000000,-52.850277770000000000000000000000,-52.850277770000000000000000000000,A816,SC
INDAIAL,Operante,-26.913611110000000000000000000000,-49.268055540000000000000000000000,-49.268055540000000000000000000000,A817,SC
IVAI,Pane,-25.010833330000000000000000000000,-50.853888880000000000000000000000,-50.853888880000000000000000000000,A818,PR
CASTRO,Operante,-24.779999990000000000000000000000,-50.046388880000000000000000000000,-50.046388880000000000000000000000,A819,PR
MAL. CANDIDO RONDON,Operante,-24.533333330000000000000000000000,-54.019166660000000000000000000000,-54.019166660000000000000000000000,A820,PR
JOAQUIM TAVORA,Pane,-23.505277770000000000000000000000,-49.946388880000000000000000000000,-49.946388880000000000000000000000,A821,PR
NOVA TEBAS,Pane,-24.433888880000000000000000000000,-51.953888880000000000000000000000,-51.953888880000000000000000000000,A822,PR
INACIO MARTINS,Operante,-25.567879000000000000000000000000,-51.077946000000000000000000000000,-51.077946000000000000000000000000,A823,PR
ICARAIMA,Pane,-23.390277770000000000000000000000,-53.635833330000000000000000000000,-53.635833330000000000000000000000,A824,PR
GOIOERE,Operante,-24.183888880000000000000000000000,-53.048888880000000000000000000000,-53.048888880000000000000000000000,A825,PR
ALEGRETE,Operante,-29.709166660000000000000000000000,-55.525555540000000000000000000000,-55.525555540000000000000000000000,A826,RS
BAGE,Operante,-31.347777770000000000000000000000,-54.013333330000000000000000000000,-54.013333330000000000000000000000,A827,RS
ERECHIM,Operante,-27.657777770000000000000000000000,-52.305833330000000000000000000000,-52.305833330000000000000000000000,A828,RS
SAO JOSE DOS AUSENTES,Operante,-28.748611100000000000000000000000,-50.057777770000000000000000000000,-50.057777770000000000000000000000,A829,RS
SAO BORJA,Operante,-28.650000000000000000000000000000,-56.016388880000000000000000000000,-56.016388880000000000000000000000,A830,RS
QUARAI,Operante,-30.368578000000000000000000000000,-56.437115000000000000000000000000,-56.437115000000000000000000000000,A831,RS
SAO GABRIEL,Operante,-30.341388880000000000000000000000,-54.310833330000000000000000000000,-54.310833330000000000000000000000,A832,RS
SANTIAGO,Operante,-29.191599000000000000000000000000,-54.885653000000000000000000000000,-54.885653000000000000000000000000,A833,RS
TRAMANDAI,Operante,-30.010277770000000000000000000000,-50.135833330000000000000000000000,-50.135833330000000000000000000000,A834,RS
MARINGA,Operante,-23.405277770000000000000000000000,-51.932777770000000000000000000000,-51.932777770000000000000000000000,A835,PR
JAGUARAO,Operante,-32.534722210000000000000000000000,-53.375833320000000000000000000000,-53.375833320000000000000000000000,A836,RS
SOLEDADE,Operante,-28.859211000000000000000000000000,-52.542387000000000000000000000000,-52.542387000000000000000000000000,A837,RS
CAMAQUA,Operante,-30.807953000000000000000000000000,-51.834240000000000000000000000000,-51.834240000000000000000000000000,A838,RS
PASSO FUNDO,Operante,-28.226805000000000000000000000000,-52.403582000000000000000000000000,-52.403582000000000000000000000000,A839,RS
BENTO GONCALVES,Operante,-29.164581000000000000000000000000,-51.534202000000000000000000000000,-51.534202000000000000000000000000,A840,RS
JOACABA,Operante,-27.169166660000000000000000000000,-51.558888880000000000000000000000,-51.558888880000000000000000000000,A841,SC
NOVA FATIMA,Pane,-23.415277770000000000000000000000,-50.577777770000000000000000000000,-50.577777770000000000000000000000,A842,PR
DOIS VIZINHOS,Operante,-25.699166660000000000000000000000,-53.095277770000000000000000000000,-53.095277770000000000000000000000,A843,PR
LAGOA VERMELHA,Operante,-28.222381000000000000000000000000,-51.512845000000000000000000000000,-51.512845000000000000000000000000,A844,RS
BOM JARDIM DA SERRA - MORRO DA IGREJA,Operante,-28.126944430000000000000000000000,-49.479722210000000000000000000000,-49.479722210000000000000000000000,A845,SC
FOZ DO IGUACU,Operante,-25.601944440000000000000000000000,-54.483055540000000000000000000000,-54.483055540000000000000000000000,A846,PR
DIONISIO CERQUEIRA,Operante,-26.286562000000000000000000000000,-53.633114000000000000000000000000,-53.633114000000000000000000000000,A848,SC
DIAMANTE DO NORTE,Operante,-22.639444440000000000000000000000,-52.890277770000000000000000000000,-52.890277770000000000000000000000,A849,PR
PARANAPOEMA,Operante,-22.658333330000000000000000000000,-52.134444440000000000000000000000,-52.134444440000000000000000000000,A850,PR
ITAPOA,Operante,-26.081388880000000000000000000000,-48.641666660000000000000000000000,-48.641666660000000000000000000000,A851,SC
SAO LUIZ GONZAGA,Operante,-28.417222210000000000000000000000,-54.962500000000000000000000000000,-54.962500000000000000000000000000,A852,RS
CRUZ ALTA,Operante,-28.603440000000000000000000000000,-53.673597000000000000000000000000,-53.673597000000000000000000000000,A853,RS
FREDERICO WESTPHALEN,Operante,-27.395555550000000000000000000000,-53.429444430000000000000000000000,-53.429444430000000000000000000000,A854,RS
PLANALTO,Operante,-25.721944430000000000000000000000,-53.748055550000000000000000000000,-53.748055550000000000000000000000,A855,PR
PALMEIRA DAS MISSOES,Operante,-27.920277770000000000000000000000,-53.318055540000000000000000000000,-53.318055540000000000000000000000,A856,RS
SAO MIGUEL DO OESTE,Pane,-26.786388880000000000000000000000,-53.514166660000000000000000000000,-53.514166660000000000000000000000,A857,SC
XANXERE,Operante,-26.938666000000000000000000000000,-52.398090000000000000000000000000,-52.398090000000000000000000000000,A858,SC
CACADOR,Operante,-26.819156000000000000000000000000,-50.985520000000000000000000000000,-50.985520000000000000000000000000,A859,SC
CURITIBANOS,Operante,-27.288611100000000000000000000000,-50.604166660000000000000000000000,-50.604166660000000000000000000000,A860,SC
RIO DO CAMPO,Pane,-26.937499990000000000000000000000,-50.145555550000000000000000000000,-50.145555550000000000000000000000,A861,SC
RIO NEGRINHO,Operante,-26.248611100000000000000000000000,-49.574166660000000000000000000000,-49.574166660000000000000000000000,A862,SC
ITUPORANGA,Operante,-27.418333320000000000000000000000,-49.646944440000000000000000000000,-49.646944440000000000000000000000,A863,SC
MAJOR VIEIRA,Operante,-26.393611100000000000000000000000,-50.363333330000000000000000000000,-50.363333330000000000000000000000,A864,SC
LAGES,Operante,-27.802222220000000000000000000000,-50.335555550000000000000000000000,-50.335555550000000000000000000000,A865,SC
Laguna  - Farol de Santa Marta,Operante,-28.604444440000000000000000000000,-48.813333330000000000000000000000,-48.813333330000000000000000000000,A866,SC
ARARANGUA,Operante,-28.931353000000000000000000000000,-49.497920000000000000000000000000,-49.497920000000000000000000000000,A867,SC
ITAJAI,Operante,-26.950833330000000000000000000000,-48.761944440000000000000000000000,-48.761944440000000000000000000000,A868,SC
CIDADE GAUCHA,Operante,-23.359166660000000000000000000000,-52.931944430000000000000000000000,-52.931944430000000000000000000000,A869,PR
RANCHO QUEIMADO,Operante,-27.678611100000000000000000000000,-49.041944440000000000000000000000,-49.041944440000000000000000000000,A870,SC
JAPIRA,Operante,-23.773333320000000000000000000000,-50.180555540000000000000000000000,-50.180555540000000000000000000000,A871,PR
VENTANIA,Operante,-24.280277770000000000000000000000,-50.210277770000000000000000000000,-50.210277770000000000000000000000,A872,PR
MORRETES,Operante,-25.508888880000000000000000000000,-48.808611110000000000000000000000,-48.808611110000000000000000000000,A873,PR
SAO MATEUS DO SUL,Operante,-25.835555550000000000000000000000,-50.368888880000000000000000000000,-50.368888880000000000000000000000,A874,PR
GENERAL CARNEIRO,Operante,-26.398611100000000000000000000000,-51.353611110000000000000000000000,-51.353611110000000000000000000000,A875,PR
CLEVELANDIA,Operante,-26.417222210000000000000000000000,-52.348611100000000000000000000000,-52.348611100000000000000000000000,A876,PR
MOSTARDAS,Operante,-31.248333330000000000000000000000,-50.906388880000000000000000000000,-50.906388880000000000000000000000,A878,RS
CANELA,Operante,-29.368888880000000000000000000000,-50.827222210000000000000000000000,-50.827222210000000000000000000000,A879,RS
VACARIA,Operante,-28.513611110000000000000000000000,-50.882777770000000000000000000000,-50.882777770000000000000000000000,A880,RS
DOM PEDRITO,Operante,-31.002500000000000000000000000000,-54.618055540000000000000000000000,-54.618055540000000000000000000000,A881,RS
TEUTONIA,Operante,-29.449166660000000000000000000000,-51.823333320000000000000000000000,-51.823333320000000000000000000000,A882,RS
IBIRUBA,Operante,-28.653333330000000000000000000000,-53.111944440000000000000000000000,-53.111944440000000000000000000000,A883,RS
CAMPO BOM,Operante,-29.674293000000000000000000000000,-51.064042000000000000000000000000,-51.064042000000000000000000000000,A884,RS
TUPANCIRETA,Operante,-29.089444440000000000000000000000,-53.826666660000000000000000000000,-53.826666660000000000000000000000,A886,RS
CAPAO DO LEAO (PELOTAS),Operante,-31.802500000000000000000000000000,-52.407222220000000000000000000000,-52.407222220000000000000000000000,A887,RS
SAO VICENTE DO SUL,Operante,-29.702222220000000000000000000000,-54.694444440000000000000000000000,-54.694444440000000000000000000000,A889,RS
ENCRUZILHADA DO SUL,Operante,-30.543055550000000000000000000000,-52.524722210000000000000000000000,-52.524722210000000000000000000000,A893,RS
SERAFINA CORREA,Operante,-28.704722220000000000000000000000,-51.870833320000000000000000000000,-51.870833320000000000000000000000,A894,RS
CHAPECO,Operante,-27.085311100000000000000000000000,-52.635711100000000000000000000000,-52.635711100000000000000000000000,A895,SC
CAMBARA DO SUL,Operante,-29.049166660000000000000000000000,-50.149722210000000000000000000000,-50.149722210000000000000000000000,A897,RS
CAMPOS NOVOS,Operante,-27.388611100000000000000000000000,-51.215833330000000000000000000000,-51.215833330000000000000000000000,A898,SC
Santa Vitoria do Palmar - Barra do Chui,Operante,-33.742222210000000000000000000000,-53.372222210000000000000000000000,-53.372222210000000000000000000000,A899,RS
CUIABA,Operante,-15.559295000000000000000000000000,-56.062951000000000000000000000000,-56.062951000000000000000000000000,A901,MT
TANGARA DA SERRA,Operante,-14.650000000000000000000000000000,-57.431666660000000000000000000000,-57.431666660000000000000000000000,A902,MT
S.J. DO RIO CLARO,Operante,-13.453888880000000000000000000000,-56.677222210000000000000000000000,-56.677222210000000000000000000000,A903,MT
SORRISO,Operante,-12.555000000000000000000000000000,-55.722777770000000000000000000000,-55.722777770000000000000000000000,A904,MT
CAMPO NOVO DOS PARECIS,Operante,-13.785833330000000000000000000000,-57.838611100000000000000000000000,-57.838611100000000000000000000000,A905,MT
GUARANTA DO NORTE,Operante,-9.952500000000000000000000000000,-54.897777770000000000000000000000,-54.897777770000000000000000000000,A906,MT
RONDONOPOLIS,Pane,-16.462500000000000000000000000000,-54.580277770000000000000000000000,-54.580277770000000000000000000000,A907,MT
AGUA BOA,Operante,-14.016388880000000000000000000000,-52.211666660000000000000000000000,-52.211666660000000000000000000000,A908,MT
ALTO ARAGUAIA,Operante,-17.339444440000000000000000000000,-53.224444430000000000000000000000,-53.224444430000000000000000000000,A909,MT
APIACAS,Operante,-9.563333330000000000000000000000,-57.393611100000000000000000000000,-57.393611100000000000000000000000,A910,MT
SAPEZAL,Operante,-13.303888880000000000000000000000,-58.763333330000000000000000000000,-58.763333330000000000000000000000,A911,MT
CAMPO VERDE,Operante,-15.558888880000000000000000000000,-55.179444430000000000000000000000,-55.179444430000000000000000000000,A912,MT
COMODORO,Operante,-13.708055550000000000000000000000,-59.762500000000000000000000000000,-59.762500000000000000000000000000,A913,MT
JUARA,Pane,-11.280277770000000000000000000000,-57.526666660000000000000000000000,-57.526666660000000000000000000000,A914,MT
PARANATINGA,Operante,-14.421388880000000000000000000000,-54.036111100000000000000000000000,-54.036111100000000000000000000000,A915,MT
QUERENCIA,Operante,-12.603055550000000000000000000000,-52.162500000000000000000000000000,-52.162500000000000000000000000000,A916,MT
SINOP,Operante,-11.982222210000000000000000000000,-55.566111110000000000000000000000,-55.566111110000000000000000000000,A917,MT
COTRIGUACU,Operante,-9.906388880000000000000000000000,-58.572222210000000000000000000000,-58.572222210000000000000000000000,A919,MT
JUINA,Operante,-11.374999990000000000000000000000,-58.774722210000000000000000000000,-58.774722210000000000000000000000,A920,MT
SAO FELIX  DO ARAGUAIA,Pane,-11.618888880000000000000000000000,-50.727777770000000000000000000000,-50.727777770000000000000000000000,A921,MT
VILA BELA DA SANTISSIMA TRINDADE,Operante,-15.062777770000000000000000000000,-59.873055540000000000000000000000,-59.873055540000000000000000000000,A922,MT
PRIMAVERA DO LESTE,Operante,-15.579999990000000000000000000000,-54.381111100000000000000000000000,-54.381111100000000000000000000000,A923,MT
ALTA FLORESTA,Operante,-10.077222210000000000000000000000,-56.179166660000000000000000000000,-56.179166660000000000000000000000,A924,MT
PORTO VELHO,Operante,-8.793611100000000000000000000000,-63.845833330000000000000000000000,-63.845833330000000000000000000000,A925,RO
CARLINDA,Operante,-9.970555540000000000000000000000,-55.827499990000000000000000000000,-55.827499990000000000000000000000,A926,MT
BRASNORTE (NOVO MUNDO),Operante,-12.521944430000000000000000000000,-58.231388880000000000000000000000,-58.231388880000000000000000000000,A927,MT
NOVA MARINGA,Operante,-13.038611100000000000000000000000,-57.092222210000000000000000000000,-57.092222210000000000000000000000,A928,MT
NOVA UBIRATA,Pane,-13.411111110000000000000000000000,-54.752222220000000000000000000000,-54.752222220000000000000000000000,A929,MT
GAUCHA DO NORTE,Operante,-13.184722210000000000000000000000,-53.257500000000000000000000000000,-53.257500000000000000000000000000,A930,MT
SANTO ANTONIO DO LESTE,Operante,-14.924999990000000000000000000000,-53.884444440000000000000000000000,-53.884444440000000000000000000000,A931,MT
GUIRATINGA,Operante,-16.341666660000000000000000000000,-53.766111110000000000000000000000,-53.766111110000000000000000000000,A932,MT
ITIQUIRA,Pane,-17.174999990000000000000000000000,-54.501666660000000000000000000000,-54.501666660000000000000000000000,A933,MT
ALTO TAQUARI,Operante,-17.841111100000000000000000000000,-53.289444440000000000000000000000,-53.289444440000000000000000000000,A934,MT
PORTO ESTRELA,Operante,-15.324722210000000000000000000000,-57.225833320000000000000000000000,-57.225833320000000000000000000000,A935,MT
SALTO DO CEU,Operante,-15.124722210000000000000000000000,-58.127222210000000000000000000000,-58.127222210000000000000000000000,A936,MT
PONTES E LACERDA,Operante,-15.234444440000000000000000000000,-59.346111100000000000000000000000,-59.346111100000000000000000000000,A937,MT
VILHENA,Operante,-12.734999990000000000000000000000,-60.157777770000000000000000000000,-60.157777770000000000000000000000,A938,RO
CACOAL,Operante,-11.445833330000000000000000000000,-61.434166660000000000000000000000,-61.434166660000000000000000000000,A939,RO
ARIQUEMES,Operante,-9.948888880000000000000000000000,-62.961944440000000000000000000000,-62.961944440000000000000000000000,A940,RO
SAO JOSE DO XINGU,Operante,-10.484166660000000000000000000000,-52.372499990000000000000000000000,-52.372499990000000000000000000000,A942,MT
SERRA NOVA DOURADA,Pane,-11.987777770000000000000000000000,-51.426111100000000000000000000000,-51.426111100000000000000000000000,A943,MT
ROSARIO OESTE,Operante,-14.828888880000000000000000000000,-56.441944440000000000000000000000,-56.441944440000000000000000000000,A944,MT
CAMPINA DA LAGOA,Operante,-24.570833320000000000000000000000,-52.800277770000000000000000000000,-52.800277770000000000000000000000,B803,PR
LARANJEIRAS DO SUL,Operante,-25.371388880000000000000000000000,-52.400833330000000000000000000000,-52.400833330000000000000000000000,B804,PR
COLOMBO,Operante,-25.322464000000000000000000000000,-49.157733000000000000000000000000,-49.157733000000000000000000000000,B806,PR
PORTO ALEGRE- BELEM NOVO,Operante,-30.186111100000000000000000000000,-51.178055540000000000000000000000,-51.178055540000000000000000000000,B807,RS
BELO HORIZONTE - CERCADINHO,Operante,-19.979999990000000000000000000000,-43.958611110000000000000000000000,-43.958611110000000000000000000000,F501,MG
